system:index,chla_sat,date,lake,.geo
20170509T155911_20170509T161350_T17RLN,0.1353474347857271,2017-05-09,SUGG,"{""type"":""MultiPoint"",""coordinates"":[]}"
20170509T155911_20170509T161350_T17RMN,0.17866378431857466,2017-05-09,SUGG,"{""type"":""MultiPoint"",""coordinates"":[]}"
20170901T155859_20170901T161236_T17RMN,-0.7916271079160097,2017-09-01,SUGG,"{""type"":""MultiPoint"",""coordinates"":[]}"
20170926T160021_20170926T160750_T17RLN,-0.07436825914480961,2017-09-26,SUGG,"{""type"":""MultiPoint"",""coordinates"":[]}"
20170926T160021_20170926T160750_T17RMN,-0.3999835341216366,2017-09-26,SUGG,"{""type"":""MultiPoint"",""coordinates"":[]}"
20171011T160149_20171011T161012_T17RMN,-0.9329970303355141,2017-10-11,SUGG,"{""type"":""MultiPoint"",""coordinates"":[]}"
20171031T160359_20171031T161445_T17RLN,-0.18022267771640407,2017-10-31,SUGG,"{""type"":""MultiPoint"",""coordinates"":[]}"
20171031T160359_20171031T161445_T17RMN,0.7712684815894679,2017-10-31,SUGG,"{""type"":""MultiPoint"",""coordinates"":[]}"
20171125T160611_20171125T160605_T17RLN,-0.3062007425758946,2017-11-25,SUGG,"{""type"":""MultiPoint"",""coordinates"":[]}"
20171125T160611_20171125T160605_T17RMN,-0.3779223778091923,2017-11-25,SUGG,"{""type"":""MultiPoint"",""coordinates"":[]}"
20171130T160619_20171130T160913_T17RLN,-0.3314714403813335,2017-11-30,SUGG,"{""type"":""MultiPoint"",""coordinates"":[]}"
20171130T160619_20171130T160913_T17RMN,-0.7294535340282302,2017-11-30,SUGG,"{""type"":""MultiPoint"",""coordinates"":[]}"
20171210T160639_20171210T160635_T17RLN,-0.017189400081070123,2017-12-10,SUGG,"{""type"":""MultiPoint"",""coordinates"":[]}"
20171210T160639_20171210T160635_T17RMN,-0.05640238348582237,2017-12-10,SUGG,"{""type"":""MultiPoint"",""coordinates"":[]}"
20171230T160649_20171230T160643_T17RLN,-0.5475351081304188,2017-12-30,SUGG,"{""type"":""MultiPoint"",""coordinates"":[]}"
20180104T160641_20180104T160639_T17RLN,-0.002204094041345764,2018-01-04,SUGG,"{""type"":""MultiPoint"",""coordinates"":[]}"
20180104T160641_20180104T160639_T17RMN,0.015198235759646376,2018-01-04,SUGG,"{""type"":""MultiPoint"",""coordinates"":[]}"
20180119T160559_20180119T160556_T17RLN,0.8748032687846776,2018-01-19,SUGG,"{""type"":""MultiPoint"",""coordinates"":[]}"
20180124T160541_20180124T160536_T17RLN,-0.007102253426067028,2018-01-24,SUGG,"{""type"":""MultiPoint"",""coordinates"":[]}"
20180124T160541_20180124T160536_T17RMN,-0.4931967441703098,2018-01-24,SUGG,"{""type"":""MultiPoint"",""coordinates"":[]}"
20180218T160309_20180218T161206_T17RLN,0.10616711685207422,2018-02-18,SUGG,"{""type"":""MultiPoint"",""coordinates"":[]}"
20180218T160309_20180218T161206_T17RMN,-0.5602725851698563,2018-02-18,SUGG,"{""type"":""MultiPoint"",""coordinates"":[]}"
20180305T160131_20180305T160854_T17RLN,-0.4141365481183994,2018-03-05,SUGG,"{""type"":""MultiPoint"",""coordinates"":[]}"
20180305T160131_20180305T160854_T17RMN,-0.032343873571366956,2018-03-05,SUGG,"{""type"":""MultiPoint"",""coordinates"":[]}"
20180315T160021_20180315T160647_T17RLN,-0.22714512980207652,2018-03-15,SUGG,"{""type"":""MultiPoint"",""coordinates"":[]}"
20180315T160021_20180315T160647_T17RMN,0.8386079724195661,2018-03-15,SUGG,"{""type"":""MultiPoint"",""coordinates"":[]}"
20180414T155901_20180414T160628_T17RLN,-0.7876152892456694,2018-04-14,SUGG,"{""type"":""MultiPoint"",""coordinates"":[]}"
20180419T155859_20180419T161103_T17RMN,2.548541607924243,2018-04-19,SUGG,"{""type"":""MultiPoint"",""coordinates"":[]}"
20180424T160001_20180424T161022_T17RMN,0.09881376228897257,2018-04-24,SUGG,"{""type"":""MultiPoint"",""coordinates"":[]}"
20180429T155859_20180429T161205_T17RLN,-0.2755987374534846,2018-04-29,SUGG,"{""type"":""MultiPoint"",""coordinates"":[]}"
20180429T155859_20180429T161205_T17RMN,-0.046859537890299625,2018-04-29,SUGG,"{""type"":""MultiPoint"",""coordinates"":[]}"
20180504T155911_20180504T160350_T17RLN,-0.022736069516370694,2018-05-04,SUGG,"{""type"":""MultiPoint"",""coordinates"":[]}"
20180504T155911_20180504T160350_T17RMN,-0.5394870626702942,2018-05-04,SUGG,"{""type"":""MultiPoint"",""coordinates"":[]}"
20180509T155859_20180509T160532_T17RLN,-0.17766408124091446,2018-05-09,SUGG,"{""type"":""MultiPoint"",""coordinates"":[]}"
20180509T155859_20180509T160532_T17RMN,-0.19442577570749311,2018-05-09,SUGG,"{""type"":""MultiPoint"",""coordinates"":[]}"
20181016T160229_20181016T160815_T17RLN,2.97713397969526E-4,2018-10-16,SUGG,"{""type"":""MultiPoint"",""coordinates"":[]}"
20181016T160229_20181016T160815_T17RMN,-0.04012213488197922,2018-10-16,SUGG,"{""type"":""MultiPoint"",""coordinates"":[]}"
20181021T160311_20181021T160935_T17RLN,-0.5370902487510462,2018-10-21,SUGG,"{""type"":""MultiPoint"",""coordinates"":[]}"
20181021T160311_20181021T160935_T17RMN,-0.4776787514747335,2018-10-21,SUGG,"{""type"":""MultiPoint"",""coordinates"":[]}"
20181031T160411_20181031T161037_T17RLN,0.37973387830731015,2018-10-31,SUGG,"{""type"":""MultiPoint"",""coordinates"":[]}"
20181031T160411_20181031T161037_T17RMN,-0.5736721921933801,2018-10-31,SUGG,"{""type"":""MultiPoint"",""coordinates"":[]}"
20181205T160639_20181205T161009_T17RLN,-0.1449924804695727,2018-12-05,SUGG,"{""type"":""MultiPoint"",""coordinates"":[]}"
20190129T160521_20190129T161214_T17RMN,-0.007752330766112686,2019-01-29,SUGG,"{""type"":""MultiPoint"",""coordinates"":[]}"
20190208T160421_20190208T161051_T17RLN,0.005444486266334667,2019-02-08,SUGG,"{""type"":""MultiPoint"",""coordinates"":[]}"
20190208T160421_20190208T161051_T17RMN,-0.22982425416429264,2019-02-08,SUGG,"{""type"":""MultiPoint"",""coordinates"":[]}"
20190404T155829_20190404T160913_T17RLN,-0.31520837041639943,2019-04-04,SUGG,"{""type"":""MultiPoint"",""coordinates"":[]}"
20190404T155829_20190404T160913_T17RMN,-0.13768682807358384,2019-04-04,SUGG,"{""type"":""MultiPoint"",""coordinates"":[]}"
20190424T155829_20190424T160927_T17RLN,-0.9525195250901,2019-04-24,SUGG,"{""type"":""MultiPoint"",""coordinates"":[]}"
20190429T155911_20190429T160305_T17RLN,-0.30684827523523117,2019-04-29,SUGG,"{""type"":""MultiPoint"",""coordinates"":[]}"
20190429T155911_20190429T160305_T17RMN,-0.28653342162332507,2019-04-29,SUGG,"{""type"":""MultiPoint"",""coordinates"":[]}"
20190514T155829_20190514T161052_T17RLN,-0.5007532003494642,2019-05-14,SUGG,"{""type"":""MultiPoint"",""coordinates"":[]}"
20190519T155911_20190519T160743_T17RLN,0.20059126507133218,2019-05-19,SUGG,"{""type"":""MultiPoint"",""coordinates"":[]}"
20190519T155911_20190519T160743_T17RMN,0.26600946693634514,2019-05-19,SUGG,"{""type"":""MultiPoint"",""coordinates"":[]}"
20190524T155829_20190524T160831_T17RLN,,2019-05-24,SUGG,"{""type"":""MultiPoint"",""coordinates"":[]}"
20190524T155829_20190524T161512_T17RLN,0.32553161755428267,2019-05-24,SUGG,"{""type"":""MultiPoint"",""coordinates"":[]}"
20190524T155829_20190524T161512_T17RMN,-0.4026218947961033,2019-05-24,SUGG,"{""type"":""MultiPoint"",""coordinates"":[]}"
20190529T155911_20190529T160405_T17RLN,0.026155020522177955,2019-05-29,SUGG,"{""type"":""MultiPoint"",""coordinates"":[]}"
20190529T155911_20190529T160405_T17RMN,-0.09412513877250296,2019-05-29,SUGG,"{""type"":""MultiPoint"",""coordinates"":[]}"
20190623T155829_20190623T160831_T17RMN,-0.3929010466882512,2019-06-23,SUGG,"{""type"":""MultiPoint"",""coordinates"":[]}"
20190703T155829_20190703T160727_T17RLN,-0.18048172600734821,2019-07-03,SUGG,"{""type"":""MultiPoint"",""coordinates"":[]}"
20190906T155901_20190906T160738_T17RLN,-0.19136645435006344,2019-09-06,SUGG,"{""type"":""MultiPoint"",""coordinates"":[]}"
20190916T155911_20190916T160741_T17RLN,-0.34889290804921724,2019-09-16,SUGG,"{""type"":""MultiPoint"",""coordinates"":[]}"
20191011T160209_20191011T160358_T17RLN,-0.7556237516186248,2019-10-11,SUGG,"{""type"":""MultiPoint"",""coordinates"":[]}"
20191011T160209_20191011T160358_T17RMN,-0.25049499534580816,2019-10-11,SUGG,"{""type"":""MultiPoint"",""coordinates"":[]}"
20191031T160409_20191031T160408_T17RMN,-0.019611142636932335,2019-10-31,SUGG,"{""type"":""MultiPoint"",""coordinates"":[]}"
20191110T160459_20191110T160501_T17RLN,-0.193770265914444,2019-11-10,SUGG,"{""type"":""MultiPoint"",""coordinates"":[]}"
20191110T160459_20191110T160501_T17RMN,-0.04197555925431914,2019-11-10,SUGG,"{""type"":""MultiPoint"",""coordinates"":[]}"
20191120T160549_20191120T160546_T17RLN,-0.31845187672222175,2019-11-20,SUGG,"{""type"":""MultiPoint"",""coordinates"":[]}"
20191120T160549_20191120T160546_T17RMN,-0.2596082279735952,2019-11-20,SUGG,"{""type"":""MultiPoint"",""coordinates"":[]}"
20191125T160611_20191125T161352_T17RLN,-0.47549679579979537,2019-11-25,SUGG,"{""type"":""MultiPoint"",""coordinates"":[]}"
20191125T160611_20191125T161352_T17RMN,-0.20952357548692338,2019-11-25,SUGG,"{""type"":""MultiPoint"",""coordinates"":[]}"
20191130T160619_20191130T160655_T17RLN,0.9194180061483448,2019-11-30,SUGG,"{""type"":""MultiPoint"",""coordinates"":[]}"
20191130T160619_20191130T160655_T17RMN,-0.7114289897302126,2019-11-30,SUGG,"{""type"":""MultiPoint"",""coordinates"":[]}"
20191205T160641_20191205T161443_T17RLN,-0.04639997973246857,2019-12-05,SUGG,"{""type"":""MultiPoint"",""coordinates"":[]}"
20191205T160641_20191205T161443_T17RMN,-0.2328422816458639,2019-12-05,SUGG,"{""type"":""MultiPoint"",""coordinates"":[]}"
20191210T160639_20191210T160735_T17RLN,0.0,2019-12-10,SUGG,"{""type"":""MultiPoint"",""coordinates"":[]}"
20191215T160651_20191215T160836_T17RLN,-0.0015928664971024118,2019-12-15,SUGG,"{""type"":""MultiPoint"",""coordinates"":[]}"
20191215T160651_20191215T160836_T17RMN,-0.0028345047772543345,2019-12-15,SUGG,"{""type"":""MultiPoint"",""coordinates"":[]}"
20191225T160651_20191225T160840_T17RLN,-0.43857975636856844,2019-12-25,SUGG,"{""type"":""MultiPoint"",""coordinates"":[]}"
20200203T160451_20200203T161119_T17RLN,-0.4703361956287538,2020-02-03,SUGG,"{""type"":""MultiPoint"",""coordinates"":[]}"
20200203T160451_20200203T161119_T17RMN,-0.291215580310267,2020-02-03,SUGG,"{""type"":""MultiPoint"",""coordinates"":[]}"
20200208T160419_20200208T160420_T17RLN,0.0,2020-02-08,SUGG,"{""type"":""MultiPoint"",""coordinates"":[]}"
20200208T160419_20200208T160420_T17RMN,-0.048485754839425944,2020-02-08,SUGG,"{""type"":""MultiPoint"",""coordinates"":[]}"
20200223T160241_20200223T160912_T17RLN,0.855534774936804,2020-02-23,SUGG,"{""type"":""MultiPoint"",""coordinates"":[]}"
20200223T160241_20200223T160912_T17RMN,-0.3278327605895153,2020-02-23,SUGG,"{""type"":""MultiPoint"",""coordinates"":[]}"
20200228T160119_20200228T161228_T17RLN,0.14563838208256244,2020-02-28,SUGG,"{""type"":""MultiPoint"",""coordinates"":[]}"
20200228T160119_20200228T161228_T17RMN,-0.05247179435289672,2020-02-28,SUGG,"{""type"":""MultiPoint"",""coordinates"":[]}"
20200314T160021_20200314T160651_T17RLN,-0.4192900884383368,2020-03-14,SUGG,"{""type"":""MultiPoint"",""coordinates"":[]}"
20200314T160021_20200314T160651_T17RMN,-0.41082222407713437,2020-03-14,SUGG,"{""type"":""MultiPoint"",""coordinates"":[]}"
20200319T155849_20200319T161044_T17RLN,-0.12483026537711239,2020-03-19,SUGG,"{""type"":""MultiPoint"",""coordinates"":[]}"
20200319T155849_20200319T161044_T17RMN,-0.1526139781095191,2020-03-19,SUGG,"{""type"":""MultiPoint"",""coordinates"":[]}"
20200329T155819_20200329T161001_T17RMN,-0.07127807234413415,2020-03-29,SUGG,"{""type"":""MultiPoint"",""coordinates"":[]}"
20200403T155901_20200403T160717_T17RLN,-0.4406669071810998,2020-04-03,SUGG,"{""type"":""MultiPoint"",""coordinates"":[]}"
20200403T155901_20200403T160717_T17RMN,-0.4464664505310822,2020-04-03,SUGG,"{""type"":""MultiPoint"",""coordinates"":[]}"
20200428T155819_20200428T161140_T17RLN,1.1193683683654538,2020-04-28,SUGG,"{""type"":""MultiPoint"",""coordinates"":[]}"
20200503T155911_20200503T160537_T17RLN,0.25927401045971776,2020-05-03,SUGG,"{""type"":""MultiPoint"",""coordinates"":[]}"
20200503T155911_20200503T160537_T17RMN,-0.0187802418011162,2020-05-03,SUGG,"{""type"":""MultiPoint"",""coordinates"":[]}"
20200508T155819_20200508T161229_T17RLN,0.04094449735076067,2020-05-08,SUGG,"{""type"":""MultiPoint"",""coordinates"":[]}"
20200622T155911_20200622T161006_T17RLN,-0.2581334510170934,2020-06-22,SUGG,"{""type"":""MultiPoint"",""coordinates"":[]}"
20200622T155911_20200622T161006_T17RMN,-0.4881522642260308,2020-06-22,SUGG,"{""type"":""MultiPoint"",""coordinates"":[]}"
20200712T155911_20200712T161123_T17RLN,-0.3410104358098182,2020-07-12,SUGG,"{""type"":""MultiPoint"",""coordinates"":[]}"
20200712T155911_20200712T161123_T17RMN,-0.2386125893157566,2020-07-12,SUGG,"{""type"":""MultiPoint"",""coordinates"":[]}"
20200801T155911_20200801T160644_T17RLN,-0.5280031835841688,2020-08-01,SUGG,"{""type"":""MultiPoint"",""coordinates"":[]}"
20200801T155911_20200801T160644_T17RMN,0.02149373483005891,2020-08-01,SUGG,"{""type"":""MultiPoint"",""coordinates"":[]}"
20200826T155829_20200826T160543_T17RLN,-0.5105493040277912,2020-08-26,SUGG,"{""type"":""MultiPoint"",""coordinates"":[]}"
20200826T155829_20200826T160543_T17RMN,-0.22513249346477487,2020-08-26,SUGG,"{""type"":""MultiPoint"",""coordinates"":[]}"
20200905T155829_20200905T161415_T17RMN,-0.08855808959677351,2020-09-05,SUGG,"{""type"":""MultiPoint"",""coordinates"":[]}"
20200925T155929_20200925T160705_T17RLN,-0.12805845992828252,2020-09-25,SUGG,"{""type"":""MultiPoint"",""coordinates"":[]}"
20201030T160411_20201030T160857_T17RLN,-0.0033441426834211587,2020-10-30,SUGG,"{""type"":""MultiPoint"",""coordinates"":[]}"
20201030T160411_20201030T160857_T17RMN,-0.01667004458856911,2020-10-30,SUGG,"{""type"":""MultiPoint"",""coordinates"":[]}"
20201104T160439_20201104T160438_T17RLN,-0.35683217961294483,2020-11-04,SUGG,"{""type"":""MultiPoint"",""coordinates"":[]}"
20201124T160609_20201124T161304_T17RLN,-0.1321909249381502,2020-11-24,SUGG,"{""type"":""MultiPoint"",""coordinates"":[]}"
20201124T160609_20201124T161304_T17RMN,-0.2607829514751005,2020-11-24,SUGG,"{""type"":""MultiPoint"",""coordinates"":[]}"
20201209T160641_20201209T161352_T17RLN,-0.23821290126473169,2020-12-09,SUGG,"{""type"":""MultiPoint"",""coordinates"":[]}"
20201209T160641_20201209T161352_T17RMN,-0.1577253872354554,2020-12-09,SUGG,"{""type"":""MultiPoint"",""coordinates"":[]}"
20201229T160651_20201229T161425_T17RLN,0.0,2020-12-29,SUGG,"{""type"":""MultiPoint"",""coordinates"":[]}"
20201229T160651_20201229T161425_T17RMN,-0.024503445480340492,2020-12-29,SUGG,"{""type"":""MultiPoint"",""coordinates"":[]}"
20210118T160611_20210118T161255_T17RLN,0.0,2021-01-18,SUGG,"{""type"":""MultiPoint"",""coordinates"":[]}"
20210118T160611_20210118T161255_T17RMN,-0.279983677296554,2021-01-18,SUGG,"{""type"":""MultiPoint"",""coordinates"":[]}"
20210128T160521_20210128T161127_T17RLN,-0.09698059021946841,2021-01-28,SUGG,"{""type"":""MultiPoint"",""coordinates"":[]}"
20210128T160521_20210128T161127_T17RMN,-0.33749285251567673,2021-01-28,SUGG,"{""type"":""MultiPoint"",""coordinates"":[]}"
20210202T160459_20210202T160957_T17RLN,0.048187796079972825,2021-02-02,SUGG,"{""type"":""MultiPoint"",""coordinates"":[]}"
20210202T160459_20210202T160957_T17RMN,0.047927472044399094,2021-02-02,SUGG,"{""type"":""MultiPoint"",""coordinates"":[]}"
20210222T160149_20210222T161055_T17RLN,-0.9769380976848141,2021-02-22,SUGG,"{""type"":""MultiPoint"",""coordinates"":[]}"
20210222T160149_20210222T161055_T17RMN,-0.20214851228131775,2021-02-22,SUGG,"{""type"":""MultiPoint"",""coordinates"":[]}"
20210304T160039_20210304T161453_T17RLN,-0.07988074450883528,2021-03-04,SUGG,"{""type"":""MultiPoint"",""coordinates"":[]}"
20210304T160039_20210304T161453_T17RMN,-0.033150541079668076,2021-03-04,SUGG,"{""type"":""MultiPoint"",""coordinates"":[]}"
20210309T160101_20210309T161423_T17RLN,-0.14639527132496827,2021-03-09,SUGG,"{""type"":""MultiPoint"",""coordinates"":[]}"
20210314T155929_20210314T160346_T17RLN,-0.19728178349336614,2021-03-14,SUGG,"{""type"":""MultiPoint"",""coordinates"":[]}"
20210314T155929_20210314T160346_T17RMN,-0.1335077009097347,2021-03-14,SUGG,"{""type"":""MultiPoint"",""coordinates"":[]}"
20210319T155951_20210319T161024_T17RLN,0.3931436457239556,2021-03-19,SUGG,"{""type"":""MultiPoint"",""coordinates"":[]}"
20210319T155951_20210319T161024_T17RMN,-1.1661763049518645,2021-03-19,SUGG,"{""type"":""MultiPoint"",""coordinates"":[]}"
20210324T155819_20210324T160756_T17RLN,-0.18691188820640792,2021-03-24,SUGG,"{""type"":""MultiPoint"",""coordinates"":[]}"
20210403T155819_20210403T160531_T17RLN,-0.18360073020460477,2021-04-03,SUGG,"{""type"":""MultiPoint"",""coordinates"":[]}"
20210413T155819_20210413T161213_T17RLN,-0.17726925538707866,2021-04-13,SUGG,"{""type"":""MultiPoint"",""coordinates"":[]}"
20210413T155819_20210413T161213_T17RMN,-0.11978183621763783,2021-04-13,SUGG,"{""type"":""MultiPoint"",""coordinates"":[]}"
20210423T155819_20210423T160957_T17RLN,-1.5124465862483056,2021-04-23,SUGG,"{""type"":""MultiPoint"",""coordinates"":[]}"
20210503T155819_20210503T160906_T17RLN,-0.18762517638939072,2021-05-03,SUGG,"{""type"":""MultiPoint"",""coordinates"":[]}"
20210503T155819_20210503T160906_T17RMN,-0.16628049921762478,2021-05-03,SUGG,"{""type"":""MultiPoint"",""coordinates"":[]}"
20210508T155901_20210508T160745_T17RLN,0.0797790236707053,2021-05-08,SUGG,"{""type"":""MultiPoint"",""coordinates"":[]}"
20210508T155901_20210508T160745_T17RMN,-0.14702203187113208,2021-05-08,SUGG,"{""type"":""MultiPoint"",""coordinates"":[]}"
20210528T155901_20210528T160816_T17RLN,-0.3531340184363228,2021-05-28,SUGG,"{""type"":""MultiPoint"",""coordinates"":[]}"
20210528T155901_20210528T160816_T17RMN,-0.2447383768788705,2021-05-28,SUGG,"{""type"":""MultiPoint"",""coordinates"":[]}"
20210712T155819_20210712T160546_T17RLN,0.040339206222106766,2021-07-12,SUGG,"{""type"":""MultiPoint"",""coordinates"":[]}"
20210905T155901_20210905T160747_T17RLN,0.0488307905691693,2021-09-05,SUGG,"{""type"":""MultiPoint"",""coordinates"":[]}"
20210905T155901_20210905T160747_T17RMN,-0.09215494034372493,2021-09-05,SUGG,"{""type"":""MultiPoint"",""coordinates"":[]}"
20211010T160109_20211010T160315_T17RLN,0.12333418407602764,2021-10-10,SUGG,"{""type"":""MultiPoint"",""coordinates"":[]}"
20211030T160409_20211030T160802_T17RLN,-0.037657500339684596,2021-10-30,SUGG,"{""type"":""MultiPoint"",""coordinates"":[]}"
20211030T160409_20211030T160802_T17RMN,0.26335841233521373,2021-10-30,SUGG,"{""type"":""MultiPoint"",""coordinates"":[]}"
20211109T160459_20211109T161040_T17RLN,-0.07038339263144189,2021-11-09,SUGG,"{""type"":""MultiPoint"",""coordinates"":[]}"
20211109T160459_20211109T161040_T17RMN,-0.11063709284259972,2021-11-09,SUGG,"{""type"":""MultiPoint"",""coordinates"":[]}"
20211114T160531_20211114T161129_T17RLN,-0.025106404539927032,2021-11-14,SUGG,"{""type"":""MultiPoint"",""coordinates"":[]}"
20211114T160531_20211114T161129_T17RMN,-0.15963359753555015,2021-11-14,SUGG,"{""type"":""MultiPoint"",""coordinates"":[]}"
20211124T160611_20211124T161250_T17RLN,-0.14193201843308245,2021-11-24,SUGG,"{""type"":""MultiPoint"",""coordinates"":[]}"
20211124T160611_20211124T161250_T17RMN,-0.07797813212498457,2021-11-24,SUGG,"{""type"":""MultiPoint"",""coordinates"":[]}"
20211129T160619_20211129T161236_T17RLN,-0.017981100526955812,2021-11-29,SUGG,"{""type"":""MultiPoint"",""coordinates"":[]}"
20211129T160619_20211129T161236_T17RMN,-0.08866779032108116,2021-11-29,SUGG,"{""type"":""MultiPoint"",""coordinates"":[]}"
20211224T160701_20211224T161430_T17RLN,-0.006561613295500607,2021-12-24,SUGG,"{""type"":""MultiPoint"",""coordinates"":[]}"
20211224T160701_20211224T161430_T17RMN,-0.058637730159315074,2021-12-24,SUGG,"{""type"":""MultiPoint"",""coordinates"":[]}"
20211229T160649_20211229T161342_T17RLN,-0.03601286988244831,2021-12-29,SUGG,"{""type"":""MultiPoint"",""coordinates"":[]}"
20211229T160649_20211229T161342_T17RMN,0.022804074074677567,2021-12-29,SUGG,"{""type"":""MultiPoint"",""coordinates"":[]}"
20220103T160651_20220103T161400_T17RLN,0.0,2022-01-03,SUGG,"{""type"":""MultiPoint"",""coordinates"":[]}"
20220103T160651_20220103T161400_T17RMN,-0.04260546756873266,2022-01-03,SUGG,"{""type"":""MultiPoint"",""coordinates"":[]}"
20220108T160639_20220108T161304_T17RLN,-0.013680583704904742,2022-01-08,SUGG,"{""type"":""MultiPoint"",""coordinates"":[]}"
20220108T160639_20220108T161304_T17RMN,-0.07946334881988487,2022-01-08,SUGG,"{""type"":""MultiPoint"",""coordinates"":[]}"
20220113T160631_20220113T161331_T17RLN,0.2603733447238854,2022-01-13,SUGG,"{""type"":""MultiPoint"",""coordinates"":[]}"
20220118T160559_20220118T161203_T17RLN,0.0,2022-01-18,SUGG,"{""type"":""MultiPoint"",""coordinates"":[]}"
20220118T160559_20220118T161203_T17RMN,0.014816409944602081,2022-01-18,SUGG,"{""type"":""MultiPoint"",""coordinates"":[]}"
20220202T160501_20220202T160457_T17RMN,-0.8842957822088195,2022-02-02,SUGG,"{""type"":""MultiPoint"",""coordinates"":[]}"
20220222T160251_20220222T160752_T17RLN,0.029475901839615806,2022-02-22,SUGG,"{""type"":""MultiPoint"",""coordinates"":[]}"
20220222T160251_20220222T160752_T17RMN,-0.019923625832639916,2022-02-22,SUGG,"{""type"":""MultiPoint"",""coordinates"":[]}"
20220227T160119_20220227T160337_T17RLN,-0.15514943204122572,2022-02-27,SUGG,"{""type"":""MultiPoint"",""coordinates"":[]}"
20220227T160119_20220227T160337_T17RMN,-0.15183567726867803,2022-02-27,SUGG,"{""type"":""MultiPoint"",""coordinates"":[]}"
20220304T160151_20220304T161444_T17RLN,-0.16625913628666844,2022-03-04,SUGG,"{""type"":""MultiPoint"",""coordinates"":[]}"
20220304T160151_20220304T161444_T17RMN,-0.09312027707746705,2022-03-04,SUGG,"{""type"":""MultiPoint"",""coordinates"":[]}"
20220314T160031_20220314T161104_T17RLN,-0.6178556472224143,2022-03-14,SUGG,"{""type"":""MultiPoint"",""coordinates"":[]}"
20220329T155819_20220329T161449_T17RLN,-0.13430810051752085,2022-03-29,SUGG,"{""type"":""MultiPoint"",""coordinates"":[]}"
20220329T155819_20220329T161449_T17RMN,0.07978449327577344,2022-03-29,SUGG,"{""type"":""MultiPoint"",""coordinates"":[]}"
20220403T155821_20220403T161501_T17RLN,-0.5001371265494526,2022-04-03,SUGG,"{""type"":""MultiPoint"",""coordinates"":[]}"
20220403T155821_20220403T161501_T17RMN,-0.23211051978356986,2022-04-03,SUGG,"{""type"":""MultiPoint"",""coordinates"":[]}"
20220408T155819_20220408T160306_T17RLN,-0.18987094436383298,2022-04-08,SUGG,"{""type"":""MultiPoint"",""coordinates"":[]}"
20220408T155819_20220408T160306_T17RMN,-0.23900045561921923,2022-04-08,SUGG,"{""type"":""MultiPoint"",""coordinates"":[]}"
20220428T155819_20220428T160457_T17RLN,-0.7764662492003711,2022-04-28,SUGG,"{""type"":""MultiPoint"",""coordinates"":[]}"
20220508T155819_20220508T160544_T17RLN,-0.3262670556056105,2022-05-08,SUGG,"{""type"":""MultiPoint"",""coordinates"":[]}"
20220508T155819_20220508T160544_T17RMN,-0.19823872086076824,2022-05-08,SUGG,"{""type"":""MultiPoint"",""coordinates"":[]}"
20220518T155819_20220518T160526_T17RLN,0.2222457664019207,2022-05-18,SUGG,"{""type"":""MultiPoint"",""coordinates"":[]}"
20220528T155819_20220528T161032_T17RLN,-0.21153981436146033,2022-05-28,SUGG,"{""type"":""MultiPoint"",""coordinates"":[]}"
20220528T155819_20220528T161032_T17RMN,0.8072390944709947,2022-05-28,SUGG,"{""type"":""MultiPoint"",""coordinates"":[]}"
20220602T155831_20220602T160327_T17RLN,0.32625097018319166,2022-06-02,SUGG,"{""type"":""MultiPoint"",""coordinates"":[]}"
20220607T155819_20220607T161038_T17RLN,-0.1301005639217717,2022-06-07,SUGG,"{""type"":""MultiPoint"",""coordinates"":[]}"
20220607T155819_20220607T161038_T17RMN,0.3077901947202671,2022-06-07,SUGG,"{""type"":""MultiPoint"",""coordinates"":[]}"
20220617T155829_20220617T161036_T17RLN,-0.09168157313615521,2022-06-17,SUGG,"{""type"":""MultiPoint"",""coordinates"":[]}"
20220801T155911_20220801T161100_T17RLN,-0.056602516222443354,2022-08-01,SUGG,"{""type"":""MultiPoint"",""coordinates"":[]}"
20220801T155911_20220801T161100_T17RMN,-0.05054583219363677,2022-08-01,SUGG,"{""type"":""MultiPoint"",""coordinates"":[]}"
20220905T155819_20220905T160401_T17RLN,-0.2510995255568151,2022-09-05,SUGG,"{""type"":""MultiPoint"",""coordinates"":[]}"
20220930T160051_20220930T161339_T17RLN,-0.5140203384987928,2022-09-30,SUGG,"{""type"":""MultiPoint"",""coordinates"":[]}"
20220930T160051_20220930T161339_T17RMN,-0.6223366834773395,2022-09-30,SUGG,"{""type"":""MultiPoint"",""coordinates"":[]}"
20221005T160119_20221005T161213_T17RLN,-0.1579576594106214,2022-10-05,SUGG,"{""type"":""MultiPoint"",""coordinates"":[]}"
20221005T160119_20221005T161213_T17RMN,0.4466754956782118,2022-10-05,SUGG,"{""type"":""MultiPoint"",""coordinates"":[]}"
20221010T160201_20221010T161201_T17RLN,-0.3163253850515072,2022-10-10,SUGG,"{""type"":""MultiPoint"",""coordinates"":[]}"
20221015T160229_20221015T160302_T17RLN,-0.4604973140951175,2022-10-15,SUGG,"{""type"":""MultiPoint"",""coordinates"":[]}"
20221015T160229_20221015T160302_T17RMN,-0.11736429746607677,2022-10-15,SUGG,"{""type"":""MultiPoint"",""coordinates"":[]}"
20221020T160301_20221020T161447_T17RLN,-0.15714338374800224,2022-10-20,SUGG,"{""type"":""MultiPoint"",""coordinates"":[]}"
20221020T160301_20221020T161447_T17RMN,-0.5174341088772675,2022-10-20,SUGG,"{""type"":""MultiPoint"",""coordinates"":[]}"
20221025T160339_20221025T160825_T17RLN,-0.2261888165779759,2022-10-25,SUGG,"{""type"":""MultiPoint"",""coordinates"":[]}"
20221025T160339_20221025T160825_T17RMN,-0.38639058230273576,2022-10-25,SUGG,"{""type"":""MultiPoint"",""coordinates"":[]}"
20221104T160429_20221104T161233_T17RLN,0.0393086941860496,2022-11-04,SUGG,"{""type"":""MultiPoint"",""coordinates"":[]}"
20221114T160529_20221114T161120_T17RLN,2.236443696564639,2022-11-14,SUGG,"{""type"":""MultiPoint"",""coordinates"":[]}"
20221129T160621_20221129T160726_T17RLN,0.669369680671473,2022-11-29,SUGG,"{""type"":""MultiPoint"",""coordinates"":[]}"
20221129T160621_20221129T160726_T17RMN,-0.5055460310000487,2022-11-29,SUGG,"{""type"":""MultiPoint"",""coordinates"":[]}"
20221204T160629_20221204T161443_T17RLN,-0.7890157246144451,2022-12-04,SUGG,"{""type"":""MultiPoint"",""coordinates"":[]}"
20221204T160629_20221204T161443_T17RMN,-0.5336830150602033,2022-12-04,SUGG,"{""type"":""MultiPoint"",""coordinates"":[]}"
20221209T160651_20221209T160831_T17RLN,-0.5031669407448781,2022-12-09,SUGG,"{""type"":""MultiPoint"",""coordinates"":[]}"
20221209T160651_20221209T160831_T17RMN,-0.16222049480048517,2022-12-09,SUGG,"{""type"":""MultiPoint"",""coordinates"":[]}"
20221214T160649_20221214T160651_T17RLN,-0.42061889167115163,2022-12-14,SUGG,"{""type"":""MultiPoint"",""coordinates"":[]}"
20221219T160701_20221219T160927_T17RLN,-0.21119068174259195,2022-12-19,SUGG,"{""type"":""MultiPoint"",""coordinates"":[]}"
20221219T160701_20221219T160927_T17RMN,-0.2165181150405635,2022-12-19,SUGG,"{""type"":""MultiPoint"",""coordinates"":[]}"
20221224T160659_20221224T160657_T17RMN,-0.08572194900764146,2022-12-24,SUGG,"{""type"":""MultiPoint"",""coordinates"":[]}"
20230108T160641_20230108T160811_T17RLN,0.0,2023-01-08,SUGG,"{""type"":""MultiPoint"",""coordinates"":[]}"
20230108T160641_20230108T160811_T17RMN,-0.047645588433995405,2023-01-08,SUGG,"{""type"":""MultiPoint"",""coordinates"":[]}"
20230207T160431_20230207T161257_T17RLN,0.6064861463436527,2023-02-07,SUGG,"{""type"":""MultiPoint"",""coordinates"":[]}"
20230207T160431_20230207T161257_T17RMN,0.2080835238495463,2023-02-07,SUGG,"{""type"":""MultiPoint"",""coordinates"":[]}"
20230217T160311_20230217T160933_T17RMN,1.7744135030899446,2023-02-17,SUGG,"{""type"":""MultiPoint"",""coordinates"":[]}"
20230222T160249_20230222T160321_T17RLN,-0.3735890168227692,2023-02-22,SUGG,"{""type"":""MultiPoint"",""coordinates"":[]}"
20230222T160249_20230222T160321_T17RMN,-0.27987362647992375,2023-02-22,SUGG,"{""type"":""MultiPoint"",""coordinates"":[]}"
20230309T160101_20230309T161334_T17RLN,-0.8703276877685782,2023-03-09,SUGG,"{""type"":""MultiPoint"",""coordinates"":[]}"
20230309T160101_20230309T161334_T17RMN,-0.29957562409830896,2023-03-09,SUGG,"{""type"":""MultiPoint"",""coordinates"":[]}"
20230314T155939_20230314T161314_T17RLN,-0.21085364619417163,2023-03-14,SUGG,"{""type"":""MultiPoint"",""coordinates"":[]}"
20230314T155939_20230314T161314_T17RMN,-0.32700863277888,2023-03-14,SUGG,"{""type"":""MultiPoint"",""coordinates"":[]}"
20230324T155919_20230324T160523_T17RLN,0.3159364508830027,2023-03-24,SUGG,"{""type"":""MultiPoint"",""coordinates"":[]}"
20230324T155919_20230324T160523_T17RMN,0.0851915518429123,2023-03-24,SUGG,"{""type"":""MultiPoint"",""coordinates"":[]}"
20230418T155821_20230418T160614_T17RLN,-0.300543327623093,2023-04-18,SUGG,"{""type"":""MultiPoint"",""coordinates"":[]}"
20230418T155821_20230418T160614_T17RMN,-0.09474256941211297,2023-04-18,SUGG,"{""type"":""MultiPoint"",""coordinates"":[]}"
20230423T155819_20230423T160343_T17RMN,-1.5647130949070513,2023-04-23,SUGG,"{""type"":""MultiPoint"",""coordinates"":[]}"
20230503T155829_20230503T161122_T17RLN,0.2102484838368465,2023-05-03,SUGG,"{""type"":""MultiPoint"",""coordinates"":[]}"
20230503T155829_20230503T161122_T17RMN,0.025344636944769825,2023-05-03,SUGG,"{""type"":""MultiPoint"",""coordinates"":[]}"
20230508T155901_20230508T161106_T17RMN,-2.4455610480477867,2023-05-08,SUGG,"{""type"":""MultiPoint"",""coordinates"":[]}"
20230528T155911_20230528T160857_T17RLN,-0.6163348193212583,2023-05-28,SUGG,"{""type"":""MultiPoint"",""coordinates"":[]}"
20230528T155911_20230528T160857_T17RMN,-0.4598684045656758,2023-05-28,SUGG,"{""type"":""MultiPoint"",""coordinates"":[]}"
20230617T155821_20230617T161043_T17RLN,-0.5873177258332286,2023-06-17,SUGG,"{""type"":""MultiPoint"",""coordinates"":[]}"
20230811T155829_20230811T160649_T17RMN,0.08539283216139112,2023-08-11,SUGG,"{""type"":""MultiPoint"",""coordinates"":[]}"
20230821T155829_20230821T161021_T17RLN,-1.0973240580345989,2023-08-21,SUGG,"{""type"":""MultiPoint"",""coordinates"":[]}"
20230821T155829_20230821T161021_T17RMN,-0.37658101148033246,2023-08-21,SUGG,"{""type"":""MultiPoint"",""coordinates"":[]}"
20230831T155829_20230831T160717_T17RMN,-0.2702775407918894,2023-08-31,SUGG,"{""type"":""MultiPoint"",""coordinates"":[]}"
20230910T155829_20230910T161005_T17RMN,-0.5647098667650435,2023-09-10,SUGG,"{""type"":""MultiPoint"",""coordinates"":[]}"
20231015T160231_20231015T161427_T17RLN,-0.1261185023329708,2023-10-15,SUGG,"{""type"":""MultiPoint"",""coordinates"":[]}"
20231015T160231_20231015T161427_T17RMN,0.17038705788199096,2023-10-15,SUGG,"{""type"":""MultiPoint"",""coordinates"":[]}"
20231020T160209_20231020T160330_T17RLN,0.13356452332082608,2023-10-20,SUGG,"{""type"":""MultiPoint"",""coordinates"":[]}"
20231020T160209_20231020T160330_T17RMN,-0.13635933149904794,2023-10-20,SUGG,"{""type"":""MultiPoint"",""coordinates"":[]}"
20231030T160409_20231030T160858_T17RLN,0.03945926829922236,2023-10-30,SUGG,"{""type"":""MultiPoint"",""coordinates"":[]}"
20231030T160409_20231030T160858_T17RMN,0.026524233297183265,2023-10-30,SUGG,"{""type"":""MultiPoint"",""coordinates"":[]}"
20231109T160459_20231109T160519_T17RMN,0.03624777474404782,2023-11-09,SUGG,"{""type"":""MultiPoint"",""coordinates"":[]}"
20231119T160549_20231119T161140_T17RLN,-0.002804579979539442,2023-11-19,SUGG,"{""type"":""MultiPoint"",""coordinates"":[]}"
20231119T160549_20231119T161140_T17RMN,-0.4255363345556393,2023-11-19,SUGG,"{""type"":""MultiPoint"",""coordinates"":[]}"
20231129T160619_20231129T161314_T17RLN,-0.10043406296446426,2023-11-29,SUGG,"{""type"":""MultiPoint"",""coordinates"":[]}"
20231129T160619_20231129T161314_T17RMN,-0.03724368830649885,2023-11-29,SUGG,"{""type"":""MultiPoint"",""coordinates"":[]}"
20231209T160649_20231209T160842_T17RLN,-0.027082493980846348,2023-12-09,SUGG,"{""type"":""MultiPoint"",""coordinates"":[]}"
20231209T160649_20231209T160842_T17RMN,-0.2519579698902883,2023-12-09,SUGG,"{""type"":""MultiPoint"",""coordinates"":[]}"
20231219T160659_20231219T160915_T17RLN,-0.21168515676774693,2023-12-19,SUGG,"{""type"":""MultiPoint"",""coordinates"":[]}"
20231219T160659_20231219T160915_T17RMN,-0.23369503886431617,2023-12-19,SUGG,"{""type"":""MultiPoint"",""coordinates"":[]}"
